# Name,   Type, SubType, Offset,   Size,     Flags
# Rover layout: the single BLE + SPP + TCP + web UI image is ~1.75MB, so each
# OTA slot gets 1.8125MB (min_spiffs.csv: 1.875MB, which left only 128KB for
# LittleFS). 256KB of LittleFS is plenty for the plain HTML/CSS/JS web UI.
# Changing this table needs a serial flash, OTA cannot rewrite it.
nvs,      data, nvs,     0x9000,   0x5000,
otadata,  data, ota,     0xe000,   0x2000,
app0,     app,  ota_0,   0x10000,  0x1D0000,
app1,     app,  ota_1,   0x1E0000, 0x1D0000,
spiffs,   data, spiffs,  0x3B0000, 0x40000,
coredump, data, coredump,0x3F0000, 0x10000,
